name,r,g,b,collection,description
PANTONE 200 C,186,12,47,C,True Red
PANTONE 186 C,200,16,46,C,Bright Red
PANTONE 485 C,218,41,28,C,Red
PANTONE Black C,45,41,38,C,Black
PANTONE 663 C,225,220,215,C,Off White
PANTONE 300 C,0,114,188,C,Blue
PANTONE 286 C,0,51,160,C,Blue
PANTONE 354 C,0,177,64,C,Green
PANTONE 123 C,255,199,44,C,Yellow
PANTONE 165 C,255,103,31,C,Orange
PANTONE 259 C,109,32,119,C,Purple
PANTONE 18-1763 TCX,198,35,58,TCX,Red
PANTONE 19-4052 TCX,15,76,129,TCX,Classic Blue
PANTONE 11-0601 TCX,244,243,238,TCX,Bright White
PANTONE 19-4006 TCX,20,20,20,TCX,Caviar
PANTONE 17-0000 TCX,117,117,117,TCX,Frost Gray
